<?xml version="1.0" encoding="iso-8859-1" ?>
<WebbrickConfig Ver="6.0.403">
<NN>MainServer</NN>
<SI ip="10.0.0.33" mac="00:03:75:0F:83:9A"/>
<SN>33</SN>
<SRs>
<SR id="0" Value="8"/>
<SR id="1" Value="8"/>
</SRs>
<SF>4</SF>

<CDs>
<CD id = "0" Name="PIRUpStair">
<Trg B1="64" B2="0" B3="0" />
</CD>
<CD id = "1" Name="PIRDownSta">
<Trg B1="64" B2="0" B3="0" />
</CD>
<CD id = "2" Name="PIRFrntDr">
<Trg B1="128" B2="2" B3="0" />
</CD>
<CD id = "3" Name="LightMacro">
<Trg B1="65" B2="3" B3="0" />
</CD>
<CD id = "4" Name="LightMacro">
<Trg B1="65" B2="4" B3="0" />
</CD>
<CD id = "5" Name="ATR">
<Trg B1="68" B2="5" B3="0" />
</CD>
<CD id = "6" Name="HeldOff">
<Trg B1="68" B2="6" B3="0" />
</CD>
<CD id = "7" Name="Twilights">
<Trg B1="68" B2="7" B3="0" />
</CD>
</CDs>
<CCs>
<CC id = "0" Dm="114" Ds="0" Am="0" Av="0" />
<CC id = "1" Dm="0" Ds="0" Am="0" Av="0" />
<CC id = "2" Dm="0" Ds="0" Am="0" Av="0" />
<CC id = "3" Dm="0" Ds="0" Am="0" Av="0" />
<CC id = "4" Dm="0" Ds="0" Am="0" Av="0" />
<CC id = "5" Dm="0" Ds="0" Am="0" Av="0" />
<CC id = "6" Dm="0" Ds="0" Am="0" Av="0" />
<CC id = "7" Dm="0" Ds="0" Am="0" Av="0" />
</CCs>

<CWs>
<CW id="0">30</CW>
<CW id="1">2</CW>
<CW id="2">60</CW>
<CW id="3">3600</CW>
</CWs>

<CSs>
<CS id="0">0</CS>
<CS id="1">14</CS>
<CS id="2">28</CS>
<CS id="3">42</CS>
<CS id="4">57</CS>
<CS id="5">71</CS>
<CS id="6">85</CS>
<CS id="7">100</CS>
</CSs>

<CTs>
<CT id="0" Name="Loft-Tak">
<TrgL Val="-800" B1="192" B2="0" B3="0" />
<TrgH Val="1600" B1="192" B2="0" B3="0" />
</CT>
<CT id="1" Name="AC-Dis">
<TrgL Val="-800" B1="192" B2="0" B3="0" />
<TrgH Val="1600" B1="192" B2="0" B3="0" />
</CT>
<CT id="2" Name="Rack">
<TrgL Val="-800" B1="192" B2="0" B3="0" />
<TrgH Val="1600" B1="192" B2="0" B3="0" />
</CT>
<CT id="3" Name="AC-Out">
<TrgL Val="-800" B1="192" B2="0" B3="0" />
<TrgH Val="1600" B1="192" B2="0" B3="0" />
</CT>
<CT id="4" Name="Loft-Rtn">
<TrgL Val="-800" B1="192" B2="0" B3="0" />
<TrgH Val="1600" B1="192" B2="0" B3="0" />
</CT>
</CTs>

<CIs>
<CI id="0" Name="An-1">
<TrgL Val="0" B1="192" B2="0" B3="0" />
<TrgH Val="100" B1="0" B2="0" B3="0" />
</CI>
<CI id="1" Name="An-2">
<TrgL Val="0" B1="192" B2="0" B3="0" />
<TrgH Val="100" B1="0" B2="0" B3="0" />
</CI>
<CI id="2" Name="An-3">
<TrgL Val="0" B1="192" B2="0" B3="0" />
<TrgH Val="100" B1="0" B2="0" B3="0" />
</CI>
<CI id="3" Name="An-4">
<TrgL Val="0" B1="192" B2="0" B3="0" />
<TrgH Val="100" B1="0" B2="0" B3="0" />
</CI>
</CIs>

<CEs>
<CE id="0" Days="6" Hrs="Sch0Hrs" Mins="Sch0Mins" >
<Trg B1="0" B2="64" B3="0" />
</CE>
<CE id="1" Days="6" Hrs="Sch1Hrs" Mins="Sch1Mins" >
<Trg B1="0" B2="64" B3="0" />
</CE>
<CE id="2" Days="1" Hrs="Sch2Hrs" Mins="Sch2Mins" >
<Trg B1="0" B2="64" B3="0" />
</CE>
<CE id="3" Days="1" Hrs="Sch3Hrs" Mins="Sch3Mins" >
<Trg B1="0" B2="64" B3="0" />
</CE>
<CE id="4" Days="1" Hrs="Sch4Hrs" Mins="Sch4Mins" >
<Trg B1="0" B2="64" B3="0" />
</CE>
<CE id="5" Days="1" Hrs="Sch5Hrs" Mins="Sch5Mins" >
<Trg B1="0" B2="64" B3="0" />
</CE>
<CE id="6" Days="1" Hrs="Sch6Hrs" Mins="Sch6Mins" >
<Trg B1="0" B2="64" B3="0" />
</CE>
<CE id="7" Days="1" Hrs="Sch7Hrs" Mins="Sch7Mins" >
<Trg B1="0" B2="64" B3="0" />
</CE>
<CE id="8" Days="1" Hrs="Sch8Hrs" Mins="Sch8Mins" >
<Trg B1="0" B2="64" B3="0" />
</CE>
<CE id="9" Days="1" Hrs="Sch9Hrs" Mins="Sch9Mins" >
<Trg B1="0" B2="64" B3="0" />
</CE>
<CE id="10" Days="1" Hrs="Sch10Hrs" Mins="Sch10Mins" >
<Trg B1="0" B2="64" B3="0" />
</CE>
<CE id="11" Days="1" Hrs="Sch11Hrs" Mins="Sch11Mins" >
<Trg B1="0" B2="64" B3="0" />
</CE>
<CE id="12" Days="1" Hrs="Sch12Hrs" Mins="Sch12Mins" >
<Trg B1="0" B2="64" B3="0" />
</CE>
<CE id="13" Days="1" Hrs="Sch13Hrs" Mins="Sch13Mins" >
<Trg B1="0" B2="64" B3="0" />
</CE>
<CE id="14" Days="1" Hrs="Sch14Hrs" Mins="Sch14Mins" >
<Trg B1="0" B2="64" B3="0" />
</CE>
<CE id="15" Days="1" Hrs="Sch15Hrs" Mins="Sch15Mins" >
<Trg B1="0" B2="64" B3="0" />
</CE>
</CEs>

<NOs>
<NO id="0" Name="Do-1" />
<NO id="1" Name="Do-2" />
<NO id="2" Name="Do-3" />
<NO id="3" Name="Do-4" />
<NO id="4" Name="Do-5" />
<NO id="5" Name="ATR" />
<NO id="6" Name="Held Off" />
<NO id="7" Name="Twilights" />
</NOs>

<NMs>
<NM id="0" Name="Mon1" />
<NM id="1" Name="Mon2" />
<NM id="2" Name="Mon3" />
<NM id="3" Name="Mon4" />
</NMs>

<NAs>
<NA id="0" Name="An-1"/>
<NA id="1" Name="An-2"/>
<NA id="2" Name="An-3"/>
<NA id="3" Name="An-4"/>
</NAs>
</WebbrickConfig>
