<?xml version="1.0" encoding="iso-8859-1" ?>
<WebbrickConfig Ver="6.1.708">
<NN>Security</NN>
<SI ip="10.100.100.105" mac="00:03:75:0F:83:94"/>
<SN>105</SN>
<SRs>
<SR id="0" Value="8"/>
<SR id="1" Value="8"/>
</SRs>
<IR>1</IR>
<SF>12</SF>
<CDs>
<CD id = "0" Name="Door Prs" Opt="2">
<Trg B1="85" B2="2" B3="0" B4="165"/>
</CD>
<CD id = "1" Name="Light 4" Opt="1">
<Trg B1="21" B2="1" B3="0" B4="165"/>
</CD>
<CD id = "2" Name="Light 1" Opt="2">
<Trg B1="20" B2="0" B3="0" B4="165"/>
</CD>
<CD id = "3" Name="Sleep" Opt="2">
<Trg B1="2" B2="64" B3="0" B4="165"/>
</CD>
<CD id = "4" Name="FloodDwell" Opt="2">
<Trg B1="21" B2="134" B3="0" B4="165"/>
</CD>
<CD id = "5" Name="Boost" Opt="2">
<Trg B1="67" B2="5" B3="0" B4="165"/>
</CD>
<CD id = "6" Name="Scene Down" Opt="2">
<Trg B1="8" B2="64" B3="0" B4="165"/>
</CD>
<CD id = "7" Name="Scene Up" Opt="2">
<Trg B1="7" B2="64" B3="0" B4="165"/>
</CD>
<CD id = "8" Name="Sw-9" Opt="3">
<Trg B1="0" B2="0" B3="0" B4="0"/>
</CD>
<CD id = "9" Name="Sw-10" Opt="3">
<Trg B1="0" B2="0" B3="0" B4="0"/>
</CD>
<CD id = "10" Name="Sw-11" Opt="3">
<Trg B1="0" B2="0" B3="0" B4="0"/>
</CD>
<CD id = "11" Name="Sw-12" Opt="3">
<Trg B1="77" B2="13" B3="45" B4="165"/>
</CD>
</CDs>
<CCs>
<CC id = "0" Dm="247" Ds="128" Am="11" Av="0"/>
<CC id = "1" Dm="195" Ds="193" Am="11" Av="12336"/>
<CC id = "2" Dm="195" Ds="192" Am="11" Av="24610"/>
<CC id = "3" Dm="195" Ds="195" Am="11" Av="8230"/>
<CC id = "4" Dm="195" Ds="193" Am="11" Av="16467"/>
<CC id = "5" Dm="195" Ds="194" Am="11" Av="12370"/>
<CC id = "6" Dm="195" Ds="193" Am="11" Av="24677"/>
<CC id = "7" Dm="195" Ds="67" Am="11" Av="28791"/>
</CCs>
<CWs>
<CW id="0">30</CW>
<CW id="1">5</CW>
<CW id="2">60</CW>
<CW id="3">3600</CW>
<CW id="4">300</CW>
<CW id="5">600</CW>
<CW id="6">900</CW>
<CW id="7">1200</CW>
</CWs>
<CSs>
<CS id="0">1</CS>
<CS id="1">18</CS>
<CS id="2">20</CS>
<CS id="3">35</CS>
<CS id="4">45</CS>
<CS id="5">71</CS>
<CS id="6">85</CS>
<CS id="7">99</CS>
</CSs>
<CTs>
<CT id="0" Name="Temp-1">
<TrgL Lo="-800" B1="0" B2="0" B3="0" B4="0"/>
<TrgH Hi="1600" B1="0" B2="0" B3="0" B4="0"/>
</CT>
<CT id="1" Name="Temp-2">
<TrgL Lo="-800" B1="0" B2="0" B3="0" B4="0"/>
<TrgH Hi="1600" B1="0" B2="0" B3="0" B4="0"/>
</CT>
<CT id="2" Name="Temp-3">
<TrgL Lo="-800" B1="0" B2="0" B3="0" B4="0" />
<TrgH Hi="1600" B1="0" B2="0" B3="0" B4="0"/>
</CT>
<CT id="3" Name="Temp-4">
<TrgL Lo="-800" B1="0" B2="0" B3="0" B4="0"/>
<TrgH Hi="1600" B1="0" B2="0" B3="0" B4="0"/>
</CT>
<CT id="4" Name="Temp-5">
<TrgL Lo="-800" B1="0" B2="0" B3="0" B4="0"/>
<TrgH Hi="1600" B1="0" B2="0" B3="0" B4="0"/>
</CT>
</CTs>
<CIs>
<CI id="0" Name="OutLight">
<TrgL Lo="25" B1="64" B2="0" B3="0" B4="165"/>
<TrgH Hi="75" B1="64" B2="0" B3="0" B4="165"/>
</CI>
<CI id="1" Name="Humidity">
<TrgL Lo="20" B1="64" B2="0" B3="0" B4="165"/>
<TrgH Hi="90" B1="64" B2="0" B3="0" B4="165"/>
</CI>
<CI id="2" Name="Salt">
<TrgL Lo="30" B1="64" B2="0" B3="0" B4="165"/>
<TrgH Hi="70" B1="64" B2="0" B3="0" B4="165"/>
</CI>
<CI id="3" Name="Oil Lvl">
<TrgL Lo="20" B1="64" B2="0" B3="0" B4="165"/>
<TrgH Hi="90" B1="64" B2="0" B3="0" B4="165"/>
</CI>
</CIs>
<CEs>
<CE id="0" Days="28" Hours="10" Mins="10">
<Trg B1="69" B2="134" B3="0" B4="165"/>
</CE>
<CE id="1" Days="0" Hours="0" Mins="0">
<Trg B1="0" B2="0" B3="0" B4="0"/>
</CE>
<CE id="2" Days="0" Hours="0" Mins="0">
<Trg B1="0" B2="0" B3="0" B4="0"/>
</CE>
<CE id="3" Days="0" Hours="0" Mins="0">
<Trg B1="0" B2="0" B3="0" B4="0"/>
</CE>
<CE id="4" Days="0" Hours="0" Mins="0">
<Trg B1="0" B2="0" B3="0" B4="0"/>
</CE>
<CE id="5" Days="0" Hours="0" Mins="0">
<Trg B1="0" B2="0" B3="0" B4="0"/>
</CE>
<CE id="6" Days="0" Hours="0" Mins="0">
<Trg B1="0" B2="0" B3="0" B4="0"/>
</CE>
<CE id="7" Days="0" Hours="0" Mins="0">
<Trg B1="0" B2="0" B3="0" B4="0"/>
</CE>
<CE id="8" Days="0" Hours="0" Mins="0">
<Trg B1="0" B2="0" B3="0" B4="0"/>
</CE>
<CE id="9" Days="0" Hours="0" Mins="0">
<Trg B1="0" B2="0" B3="0" B4="0"/>
</CE>
<CE id="10" Days="0" Hours="0" Mins="0">
<Trg B1="0" B2="0" B3="0" B4="0"/>
</CE>
<CE id="11" Days="0" Hours="0" Mins="0">
<Trg B1="0" B2="0" B3="0" B4="0"/>
</CE>
<CE id="12" Days="0" Hours="0" Mins="0">
<Trg B1="0" B2="0" B3="0" B4="0"/>
</CE>
<CE id="13" Days="0" Hours="0" Mins="0">
<Trg B1="0" B2="0" B3="0" B4="0"/>
</CE>
<CE id="14" Days="0" Hours="0" Mins="0">
<Trg B1="0" B2="0" B3="0" B4="0"/>
</CE>
<CE id="15" Days="0" Hours="0" Mins="0">
<Trg B1="0" B2="0" B3="0" B4="0"/>
</CE>
</CEs>
<NOs>
<NO id="0" Name="Light 1"/>
<NO id="1" Name="Light 4"/>
<NO id="2" Name="DoorStr"/>
<NO id="3" Name="DigOut-4"/>
<NO id="4" Name="DigOut-5"/>
<NO id="5" Name="BoostMim"/>
<NO id="6" Name="ScnDnMim"/>
<NO id="7" Name="ScnUpMim"/>
</NOs>
<NAs>
<NA id="0" Name="Flood"/>
<NA id="1" Name="Light 2"/>
<NA id="2" Name="AnOut-3"/>
<NA id="3" Name="Light 3"/>
</NAs>
</WebbrickConfig>
